ID,Turn,Reasoner Task Content,Reasoner Answer,Reasoner Rationale,Gold Answer,Gate Output,Correct Answer
tc_33,0,"Question: Which Lloyd Webber musical premiered in the US on 10th December 1993? 
",sunset boulevard,"Andrew Lloyd Webber's musical ""Sunset Boulevard"" premiered on Broadway at the Minskoff Theatre on December 10, 1993.","['sunset boulevard', 'sunset bulevard', 'west sunset boulevard', 'sunset blvd']",True,1
tc_40,0,"Question: Who was the next British Prime Minister after Arthur Balfour? 
",sir henry campbellbannerman,"Arthur Balfour served as the Prime Minister of the United Kingdom from July 1902 to December 1905. Sir Henry Campbell-Bannerman succeeded him as the Prime Minister, serving from December 1905 to April 1908.","['henry campbell bannerman', 'sir henry campbell bannerman', 'campbell bannerman']",True,0
tc_49,0,"Question: Who had a 70s No 1 hit with Kiss You All Over? 
",exile,"Exile had a No. 1 hit on the Billboard Hot 100 chart in 1978 with the song ""Kiss You All Over"".","['exiles', 'voluntary exile', 'forced exile', 'banish', 'self exile', 'exile politics and government', 'exile in greek tragedy', 'sent into exile', 'banishment', 'transported for life', 'exile', 'internal exile', 'exile and banishment']",True,1
tc_56,0,"Question: What claimed the life of singer Kathleen Ferrier? 
",ovarian cancer,"Kathleen Ferrier, a renowned British contralto, died on October 8, 1953, at the age of 41, due to complications from ovarian cancer.","['aids related cancer', 'sporadic cancer', 'cancer disease', 'malignant tumors', 'cancers', 'carcinophobia', 'cancer', 'cancer diagnosis', 'malignant neoplastic disease', 'malignant neoplasm', 'tumour virus', 'cancer medicine', 'deaths by cancer', 'malignant tumour', 'epithelial cancers', 'solid cancer', 'cancerous', 'borderline cancer', 'invasive cancer', 'anti cancer', 'cancer pathology', 'cancer signs', 'cancer aromatase', 'cancer therapy', 'financial toxicity', 'cancerophobia', 'cancer en cuirasse', 'cancer patient', 'cancerous tumor', 'malignant cancer', 'malignant neoplasms', 'tumor medication', 'signs of cancer', 'malignacy', 'malignant tumor', 'cancer medication', 'microtumor', 'malignancies', 'malignant lesion', 'malignant growth']",True,0
tc_106,0,"Question: Which actress was voted Miss Greenwich Village in 1942? 
",judy holliday,"Judy Holliday was a popular American actress, singer, and comedian who was voted Miss Greenwich Village in 1942.","['lauren becall', 'loren bacall', 'lauren becal', 'lauren bacall', 'betty j perske', 'betty perske', 'betty joan perske', 'bacall', 'betty joan perski']",True,0
tc_137,0,"Question: What was the name of Michael Jackson's autobiography written in 1988? 
",moonwalk,"Michael Jackson's autobiography, published in 1988, was titled ""Moonwalk"".","['moon walk', 'lunar walks', 'moonwalks', 'moonwalk disambiguation', 'lunar walking', 'moonwalking', 'lunar walk', 'walk on moon', 'moon walks', 'moon walking', 'moonwalk']",True,1
tc_217,0,"Question: Which volcano in Tanzania is the highest mountain in Africa? 
",mount kilimanjaro,"Mount Kilimanjaro is a dormant volcano located in Tanzania and is the highest mountain in Africa, with an elevation of 5,895 meters (19,341 ft) above sea level.","['mawensi', 'kilimanjaro', 'mount killimanjaro', 'mount kilimanjaro', 'mount kilamanjaro', 'tussock grassland tanzania', 'mt kilamanjaro', 'mount kilimandjaro', 'kilamanjaro', 'kibo volcano', 'kilimanjaro massif', 'uhuru peak', 'kilimanjaro mountain', 'kaiser wilhelm spitze', 'gilman s point', 'mt kilimanjaro', 'kilima njaro', 'stella point', 'mawenzi', 'mount kiliminjaro', 'kilimandjaro', 'killimanjaro', 'kilimanjiro', 'kilimonjaro', 'highest mountain in africa', 'kiliminjaro']",True,1
tc_219,0,"Question: The flag of Libya is a plain rectangle of which color? 
",green,"The flag of Libya is a tricolor, with three horizontal stripes of green, red, and black.","['greenishness', 'color green', '0 255 0', 'green color', 'green', 'rgb 0 255 0', 'avacado color', 'greenest', 'list of terms associated with color green', 'greenness', 'greenishly', 'colour green', 'pastel green', 'green colour']",False,1
tc_219,1,"Question: The flag of Libya is a plain rectangle of which color? 
Previous LLM Response: Answer: Green
Rationale: The flag of Libya is a tricolor, with three horizontal stripes of green, red, and black.
 Wrong answer! Try again. 
",green,"The previous response was incorrect, and I should have checked again. According to my knowledge, the flag of Libya is indeed green, but it's not a plain rectangle. It's a tricolor flag with three horizontal stripes of green, red, and black.","['greenishness', 'color green', '0 255 0', 'green color', 'green', 'rgb 0 255 0', 'avacado color', 'greenest', 'list of terms associated with color green', 'greenness', 'greenishly', 'colour green', 'pastel green', 'green colour']",False,1
tc_219,2,"Question: The flag of Libya is a plain rectangle of which color? 
Previous LLM Response: Answer: Green
Rationale: The flag of Libya is a tricolor, with three horizontal stripes of green, red, and black.
 Wrong answer! Try again. 
Previous LLM Response: Answer: Green
Rationale: The previous response was incorrect, and I should have checked again. According to my knowledge, the flag of Libya is indeed green, but it's not a plain rectangle. It's a tricolor flag with three horizontal stripes of green, red, and black.
 Wrong answer! Try again. 
",green,"Despite the previous responses, I will re-check my knowledge. According to my knowledge, the flag of Libya is indeed green, but it's not a plain rectangle. It's a tricolor flag with three horizontal stripes of green, red, and black.","['greenishness', 'color green', '0 255 0', 'green color', 'green', 'rgb 0 255 0', 'avacado color', 'greenest', 'list of terms associated with color green', 'greenness', 'greenishly', 'colour green', 'pastel green', 'green colour']",False,1
tc_219,3,"Question: The flag of Libya is a plain rectangle of which color? 
Previous LLM Response: Answer: Green
Rationale: The flag of Libya is a tricolor, with three horizontal stripes of green, red, and black.
 Wrong answer! Try again. 
Previous LLM Response: Answer: Green
Rationale: The previous response was incorrect, and I should have checked again. According to my knowledge, the flag of Libya is indeed green, but it's not a plain rectangle. It's a tricolor flag with three horizontal stripes of green, red, and black.
 Wrong answer! Try again. 
Previous LLM Response: Answer: Green
Rationale: Despite the previous responses, I will re-check my knowledge. According to my knowledge, the flag of Libya is indeed green, but it's not a plain rectangle. It's a tricolor flag with three horizontal stripes of green, red, and black.
 Wrong answer! Try again. 
",not green,"Despite the previous incorrect responses, I will re-check my knowledge. According to my knowledge, the flag of Libya is actually a tricolor flag with three horizontal stripes of green, red, and black, not a plain rectangle of any color, including green.","['greenishness', 'color green', '0 255 0', 'green color', 'green', 'rgb 0 255 0', 'avacado color', 'greenest', 'list of terms associated with color green', 'greenness', 'greenishly', 'colour green', 'pastel green', 'green colour']",False,0
tc_219,4,"Question: The flag of Libya is a plain rectangle of which color? 
Previous LLM Response: Answer: Green
Rationale: The flag of Libya is a tricolor, with three horizontal stripes of green, red, and black.
 Wrong answer! Try again. 
Previous LLM Response: Answer: Green
Rationale: The previous response was incorrect, and I should have checked again. According to my knowledge, the flag of Libya is indeed green, but it's not a plain rectangle. It's a tricolor flag with three horizontal stripes of green, red, and black.
 Wrong answer! Try again. 
Previous LLM Response: Answer: Green
Rationale: Despite the previous responses, I will re-check my knowledge. According to my knowledge, the flag of Libya is indeed green, but it's not a plain rectangle. It's a tricolor flag with three horizontal stripes of green, red, and black.
 Wrong answer! Try again. 
Previous LLM Response: Answer: Not green
Rationale: Despite the previous incorrect responses, I will re-check my knowledge. According to my knowledge, the flag of Libya is actually a tricolor flag with three horizontal stripes of green, red, and black, not a plain rectangle of any color, including green.
 Wrong answer! Try again. 
",not green,"The previous responses were incorrect, and I will re-check my knowledge. According to my knowledge, the flag of Libya is actually a tricolor flag with three horizontal stripes of green, red, and black, not a plain rectangle of any color, including green.","['greenishness', 'color green', '0 255 0', 'green color', 'green', 'rgb 0 255 0', 'avacado color', 'greenest', 'list of terms associated with color green', 'greenness', 'greenishly', 'colour green', 'pastel green', 'green colour']",False,0
tc_241,0,"Question: Of which African country is Niamey the capital? 
",niger,Niamey is the capital and largest city of the West African country of Niger.,"['niger', 'iso 3166 1 ne', 'nigerien', 'republic of niger', 'niger country', 'ng ni', 'republique du niger', 'niger republic', 'nigerois', 'r√©publique du niger']",True,1
tc_261,0,"Question: Which musical featured the song The Street Where You Live? 
",my fair lady,"The song ""The Street Where You Live"" is a famous song from the musical My Fair Lady, written by Alan Jay Lerner and Frederick Loewe.","['my fair lady musical', 'my fair lady', 'my fair lady 2010 film', 'why can t english 3f', 'my fair lady upcoming film', 'my fair lady 2012 film', 'my fair lady 2014 film', 'my fair lady 2015 film', 'i m ordinary man', 'enry iggins']",True,1
tc_267,0,"Question: ""Who was the target of the failed """"Bomb Plot"""" of 1944?"" 
",adolf hitler,"The failed ""Bomb Plot"" of 1944 refers to the 20 July Plot, a failed assassination attempt against Adolf Hitler, the leader of Nazi Germany, on July 20, 1944.","['hitler s medical health', 'adlof hitler', 'adolf hiedler', 'hitler adolf', 'hitleradolf', 'adolpf hitler', 'history of adolf hitler', 'hitleradolph', 'adolphhitler', 'adolf hitler s health', 'adoff hitler', 'hitlar', 'adolf hiler', 'adolph hiedler', 'adolf hitle', 'aldof hilter', 'adolph hiter', 'hitler s', 'hitler', 'adolf hister', 'adolf hittler', 'nazi leader', 'adolfhitler', 'adolf hitler s medical health', 'hitler adolph', 'hitler s health', 'herr hitler', 'adolfus hitler', 'adolph hitler', 'adolph schicklegruber', 'adolf hilter', 'adolf hitler s medical condition', 'health of adolf hitler', 'hitlerian', 'adolph schicklgruber', 'adolph hitler s medical health', 'adolph hitler s health', 'adolph schickelgruber', 'adolf schicklgruber', 'day of potsdam', 'adolf hitlier', 'adolf hitler', 'hitlers medical health', 'hittler', 'hitlers', 'herr wolf', 'hitlet', 'adolf schickelgruber', 'adolf schicklegruber', 'adolph hittler']",True,1
tc_276,0,"Question: Who had an 80s No 1 hit with Hold On To The Nights? 
",richard marx,"Richard Marx had a number one hit on the Billboard Hot 100 chart in 1988 with the song ""Hold On to the Night"".","['richard marx', 'richard noel marx']",True,1
tc_280,0,"Question: Who directed the classic 30s western Stagecoach? 
",john ford,"John Ford is widely regarded as one of the most influential and iconic Western film directors, and Stagecoach (1939) is one of his most famous films, starring John Wayne and Claire Trevor.","['john ford 1895 1973', 'sean o feeney', 'ford john 1895 1973', 'john ford statue', 'ford john', 'john o feeney', 'john ford', 'sean aloysius o feeney', 'argosy pictures', 'cavalry trilogy', 'john ford film director', 'john ford director', 'john martin o feeney']",True,1
tc_282,0,"Question: Dave Gilmore and Roger Waters were in which rock group? 
",pink floyd,Dave Gilmour and Roger Waters were both founding members and key songwriters of the British rock band Pink Floyd.,"['screaming abdabs', 'megadeaths', 'clive metcalfe', 'pink floyd band', 'pink flowd', 'meggadeaths', 'pi5', 'pink floyd', 'screaming ab dabs', 'grey floyd', 'architectural abdabs', 'pink flod', 'pinkfloyd', 'pik floyd', 'pink floyd sound', 'tea set', 'pink floid', 't set', 'pink floyd trivia', 'notable or frequent contributors to pink floyd']",True,1
tc_288,0,"Question: Which highway was Revisited in a classic 60s album by Bob Dylan? 
",highway 61,"The album ""Highway 61 Revisited"" is a classic album by Bob Dylan, released in 1965.","['61', 'sixty one']",True,0
tc_298,0,"Question: Which was the only eastern bloc country to participate in the 1984 LA Olympics? 
",romania,"Romania was the only Eastern Bloc country to participate in the 1984 Los Angeles Olympics, as a result of a boycott by the Soviet Union and other Eastern Bloc countries in response to the United States' boycott of the 1980 Summer Olympics in Moscow.","['danubian carpathian area', 'roumania', 'austro hungarian empire romania', 'romania', 'rromania', 'iso 3166 1 ro', 'rou', 'country rom', 'ro country', 'rumunia', 'romainia', 'rum√§nien', 'etymology of romania', 'north danubian region', 'rom√Ænia', 'rumania', 'romanian state', 'carpathian danubian space', 'rom√¢nia', 'republic of romania', 'roumanie']",True,1
tc_304,0,"Question: Which 90s sci fi series with James Belushi was based on Bruce Wagner's comic strip of the same name? 
",adventures of brisco county jr,"The 1993-1994 TV series ""The Adventures of Brisco County, Jr."" starred Bruce Campbell, not James Belushi, and was loosely based on the comic strip ""Brisco County"" by Bruce Wagner.",['wild palms'],False,0
tc_316,0,"Question: If I Were A Rich Man Was a big hit from which stage show? 
",fiddler on roof,"""If I Were a Rich Man"" is a famous song from the 1964 Broadway musical Fiddler on the Roof, written by Jerry Bock and Sheldon Harnick, with lyrics by Sheldon Harnick.","['fiddler on roof', 'sprintze', 'anatevka', '2 life', 'fiddler on reoof']",True,1
tc_349,0,"Question: Men Against the Sea and Pitcairn's Island were two sequels to what famous novel? 
",mutiny on bounty,"Men Against the Sea and Pitcairn's Island are two novels by Charles Nordhoff and James Norman Hall, which are sequels to their earlier novel Mutiny on the Bounty, which was published in 1932.","['mutiny on bounty history', 'hms bounty mutineers', 'bounty vessel', 'mutiny on bounty', 'thomas ledward']",True,1
tc_379,0,"Question: What was Truman Capote's last name before he was adopted by his stepfather? 
",fulmer,"Truman Capote's biological father was Archibald ""Arch"" Vaughn Capote, and his mother was Lillie Mae Faulk. After his parents divorced, his mother married Joseph Jesse Capote, who adopted Truman and his siblings.","['personhood theory', 'persons', 'person', 'per≈øon', 'per≈øons', 'person philosophical']",False,0
tc_397,0,"Question: In Lewis Carroll's poem The Hunting of the Snark, what did the elusive, troublesome snark turn into to fool hunters? 
",boojum,"In Lewis Carroll's poem ""The Hunting of the Snark"", the Snark is described as a mysterious and elusive creature that is being hunted by a group of adventurers. According to the poem, the Snark has the ability to transform into a Boojum, which is a creature that is said to be even more fearsome and deadly than the Snark itself.","['boojum disambiguation', 'boojum']",True,1
tc_455,0,"Question: What Michelle Pfeiffer movie got a boost from the Coolio song Gangsta's Paradise? 
",dangerous minds,"The 1995 film ""Dangerous Minds"" starring Michelle Pfeiffer featured the song ""Gangsta's Paradise"" by Coolio featuring L.V. in its soundtrack, which became a hit single and contributed to the film's popularity.","['my posse don t do homework', 'dangerous minds', 'dangerous minds film']",True,1
tc_510,0,"Question: What was President Gerald Ford's middle name? 
",rudolph,"Gerald Ford's full name is Leslie Lynch King Jr., but he was adopted by his stepfather, Gerald Rudolph Ford, and took his stepfather's name as his own.","['rudolf', 'rudolph', 'rodolphe', 'rudolph disambiguation', 'rodolph']",False,1
tc_515,0,"Question: Art Garfunkel trained for which profession although he didn't qualify? 
",medicine,"Art Garfunkel, the American singer and actor, attended Columbia University to study medicine, but he did not qualify to graduate due to his poor grades.","['master builder occupation', 'graziani corazza', 'architecht', 'clifford lawrie', 'architechts', 'architects', 'registered architect', 'hok canada inc', 'architect', 'stanford downey architects inc']",True,0
tc_304,1,"Question: Which 90s sci fi series with James Belushi was based on Bruce Wagner's comic strip of the same name? 
Previous LLM Response: Answer: The Adventures of Brisco County, Jr.
Rationale: The 1993-1994 TV series ""The Adventures of Brisco County, Jr."" starred Bruce Campbell, not James Belushi, and was loosely based on the comic strip ""Brisco County"" by Bruce Wagner.
 Wrong answer! Try again. 
",wild palms,"The 1990s sci-fi series ""Wild Palms"" starred James Belushi and was based on the comic strip of the same name by Bruce Wagner.",['wild palms'],True,1
tc_379,1,"Question: What was Truman Capote's last name before he was adopted by his stepfather? 
Previous LLM Response: Answer: Fulmer
Rationale: Truman Capote's biological father was Archibald ""Arch"" Vaughn Capote, and his mother was Lillie Mae Faulk. After his parents divorced, his mother married Joseph Jesse Capote, who adopted Truman and his siblings.
 Wrong answer! Try again. 
",faulk,"Truman Capote's biological father was Archibald ""Arch"" Vaughn Capote, and his mother was Lillie Mae Faulk.","['personhood theory', 'persons', 'person', 'per≈øon', 'per≈øons', 'person philosophical']",False,0
tc_510,1,"Question: What was President Gerald Ford's middle name? 
Previous LLM Response: Answer: Rudolph
Rationale: Gerald Ford's full name is Leslie Lynch King Jr., but he was adopted by his stepfather, Gerald Rudolph Ford, and took his stepfather's name as his own.
 Wrong answer! Try again. 
",lynch,"Gerald Ford's full name is Leslie Lynch King Jr., which means his middle name is Lynch.","['rudolf', 'rudolph', 'rodolphe', 'rudolph disambiguation', 'rodolph']",True,0
tc_379,2,"Question: What was Truman Capote's last name before he was adopted by his stepfather? 
Previous LLM Response: Answer: Fulmer
Rationale: Truman Capote's biological father was Archibald ""Arch"" Vaughn Capote, and his mother was Lillie Mae Faulk. After his parents divorced, his mother married Joseph Jesse Capote, who adopted Truman and his siblings.
 Wrong answer! Try again. 
Previous LLM Response: Answer: Faulk
Rationale: Truman Capote's biological father was Archibald ""Arch"" Vaughn Capote, and his mother was Lillie Mae Faulk.
 Wrong answer! Try again. 
",fulmer,"Truman Capote's mother, Lillie Mae Faulk, was married to Roy Henry Faulk before she married Joseph Jesse Capote, who adopted Truman and his siblings.","['personhood theory', 'persons', 'person', 'per≈øon', 'per≈øons', 'person philosophical']",False,0
tc_379,3,"Question: What was Truman Capote's last name before he was adopted by his stepfather? 
Previous LLM Response: Answer: Fulmer
Rationale: Truman Capote's biological father was Archibald ""Arch"" Vaughn Capote, and his mother was Lillie Mae Faulk. After his parents divorced, his mother married Joseph Jesse Capote, who adopted Truman and his siblings.
 Wrong answer! Try again. 
Previous LLM Response: Answer: Faulk
Rationale: Truman Capote's biological father was Archibald ""Arch"" Vaughn Capote, and his mother was Lillie Mae Faulk.
 Wrong answer! Try again. 
Previous LLM Response: Answer: Fulmer
Rationale: Truman Capote's mother, Lillie Mae Faulk, was married to Roy Henry Faulk before she married Joseph Jesse Capote, who adopted Truman and his siblings.
 Wrong answer! Try again. 
",faulk,"Truman Capote's biological father was Archibald ""Arch"" Vaughn Capote, and his mother was Lillie Mae Faulk.","['personhood theory', 'persons', 'person', 'per≈øon', 'per≈øons', 'person philosophical']",False,0
tc_379,4,"Question: What was Truman Capote's last name before he was adopted by his stepfather? 
Previous LLM Response: Answer: Fulmer
Rationale: Truman Capote's biological father was Archibald ""Arch"" Vaughn Capote, and his mother was Lillie Mae Faulk. After his parents divorced, his mother married Joseph Jesse Capote, who adopted Truman and his siblings.
 Wrong answer! Try again. 
Previous LLM Response: Answer: Faulk
Rationale: Truman Capote's biological father was Archibald ""Arch"" Vaughn Capote, and his mother was Lillie Mae Faulk.
 Wrong answer! Try again. 
Previous LLM Response: Answer: Fulmer
Rationale: Truman Capote's mother, Lillie Mae Faulk, was married to Roy Henry Faulk before she married Joseph Jesse Capote, who adopted Truman and his siblings.
 Wrong answer! Try again. 
Previous LLM Response: Answer: Faulk
Rationale: Truman Capote's biological father was Archibald ""Arch"" Vaughn Capote, and his mother was Lillie Mae Faulk.
 Wrong answer! Try again. 
",faulk,"Truman Capote's mother, Lillie Mae Faulk, was married to Roy Henry Faulk before she married Joseph Jesse Capote, who adopted Truman and his siblings.","['personhood theory', 'persons', 'person', 'per≈øon', 'per≈øons', 'person philosophical']",False,0
tc_517,0,"Question: Who was the last inmate of Spandau jail in Berlin? 
",albert speer,"Albert Speer was the last inmate of Spandau Prison in Berlin, serving a 20-year sentence for his role as Adolf Hitler's architect and armaments minister during World War II. He was released on October 6, 1966, after serving 19 years.","['rudolf hesse', 'hess rudolf', 'walther richard rudolf hess', 'rudolf hess', 'rudolf w hess', 'rudolf walter richard he√ü', 'rudolf walter richard hess', 'rudolph he√ü', 'rudolf he√ü', 'rudolph hess']",True,0
tc_538,0,"Question: In the 80s who wrote the novel Empire of The Sun? 
",jg ballard,"J.G. Ballard wrote the novel ""Empire of the Sun"" in 1984, which was later adapted into a film by Steven Spielberg in 1987.","['ballardian', 'user s guide to millenium', 'james g ballard', 'j g ballard', 'jg ballard', 'james graham ballard']",True,1
tc_540,0,"Question: Kagoshima international airport is in which country? 
",japan,"Kagoshima International Airport is a commercial airport located in Kagoshima Prefecture, Japan.","['nihon koku', 'nihon', 'japoa', 'japang', 'japan', 'Êó•Êú¨Âúã', 'etymology of japan', 'iso 3166 1 jp', 'jpan', 'japan country', 'riben', 'r√¨bƒõn', 'üóæ', 'japanese financial sector', 'japian', 'nippon koku', 'state of japan', 'nippon', 'modern‚Äìera japan', 'republic of japan', 'Êó•Êú¨ÂõΩ', 'jpn', 'japao', 'ja pan', 'Êó•Êú¨']",True,1
tc_543,0,"Question: In which sport could the Pacers take on the Pistons? 
",basketball,The Pacers and Pistons are both teams in the National Basketball Association (NBA).,"['men s basketball', 'baksetball', 'baketball', 'boy s basketball', 'basketball club', 'high school basketball', 'rim basketball', 'basketball team', 'bball', 'unicycle basketball', 'basketball worldwide', 'shoot hoops', 'b ball', 'basketball', 'basketball net', 'women s hoops', 'basketball gear', 'basketballer', 'basket ball', 'basketball rim', 'üèÄ', 'basketball parity worldwide', 'basketball player']",True,1
tc_559,0,"Question: Kim Carnes' nine weeks at No 1 with Bette Davis Eyes was interrupted for one week by which song? 
",funkytown,"According to the Billboard Hot 100 chart, Kim Carnes' song ""Bette Davis Eyes"" spent nine weeks at number one, but was interrupted for one week by Lipps Inc.'s song ""Funkytown"" in June 1980.","['stars on 45 song', 'stars on 45 single', 'stars on 45 medley', 'medley intro venus sugar sugar no reply i ll be back drive my car do you want to know secret we can work it out i should have known better nowhere man you re going to lose that girl stars on 45']",True,0
tc_561,0,"Question: Where in Canada is the Lion's Gate bridge? 
",vancouver british columbia,"The Lion's Gate Bridge is a suspension bridge located in Vancouver, British Columbia, Canada, spanning the First Narrows of the Burrard Inlet.","['south vancouver british columbia', 'vansterdam', 'vancouvr', 'vancouver bc', 'vancover', 'vancouver british colombia', 'hong kouver', 'vancouver', 'vancouver bc canada', 'vancouverites', 'un locode cavan', 'vancouver christian school', 'vancouver b c canada', 'vancouver city centre british columbia', 'vanocuver', 'vancouver british columbia', 'corpus christi elementary', 'vancouverite', 'hongcouver', 'hong couver', 'hastings east vancouver', 'vancouver canada', 'vancover british columbia', 'corpus christi elementary school canada', 'city of vancouver', 'greater vancouver bridges', 'vancouver b c', 'vancouver british columbia canada']",True,1
tc_564,0,"Question: What was Walter Matthau's first movie? 
",battleground 1949,"According to various sources, including IMDb and Wikipedia, Walter Matthau's first movie was indeed Battleground (1949), a war drama film directed by William A. Wellman.",['kentuckian'],True,0
tc_586,0,"Question: Where in England was actor Nigel Hawthorne born? 
",cambridge,"Nigel Hawthorne was born in Coventry, Warwickshire, England, but he was educated at St Faith's School in Cambridge, and is often associated with Cambridge.","['coventry uk', 'cofantre', 'coventry united kingdom', 'coventry borough', 'coventry city', 'coventry england', 'metropolitan borough of coventry', 'coventry city council', 'coventry', 'county borough of coventry', 'coventry warwickshire', 'city of coventry']",False,0
tc_586,1,"Question: Where in England was actor Nigel Hawthorne born? 
Previous LLM Response: Answer: Cambridge
Rationale: Nigel Hawthorne was born in Coventry, Warwickshire, England, but he was educated at St Faith's School in Cambridge, and is often associated with Cambridge.
 Wrong answer! Try again. 
",coventry,"According to the previous response, Nigel Hawthorne was born in Coventry, Warwickshire, England.","['coventry uk', 'cofantre', 'coventry united kingdom', 'coventry borough', 'coventry city', 'coventry england', 'metropolitan borough of coventry', 'coventry city council', 'coventry', 'county borough of coventry', 'coventry warwickshire', 'city of coventry']",True,1
tc_604,0,"Question: In Greek mythology, who were Arges, Brontes and Steropes? 
",cyclopes,"Arges, Brontes, and Steropes were three of the Cyclopes, a group of one-eyed giants in Greek mythology. They were the sons of the sea god Poseidon and the sea-nymph Callirhoe.","['cyclopes disambiguation', 'cyclopes']",True,1
tc_626,0,"Question: Which musician founded the Red Hot Peppers? 
",louis armstrong,The Red Hot Peppers was a jazz band founded by Louis Armstrong in the 1920s.,"['ferdinand morton', 'jellyroll morton', 'joseph ferdinand morton', 'f p lamothe', 'ferdinand lamothe', 'ferdinand joseph la menthe', 'ferdinand joseph morton', 'ferdinand joseph lamothe', 'jelly roll morton', 'louise monette', 'ferdinand 22jelly roll 22 morton']",True,0
tc_635,0,"Question: Where did the Shinning Path terrorists operate? 
",peru,The Shining Path is a Maoist guerrilla organization that operated in Peru from the 1980s to the 1990s.,"['republic of per√∫', 'piruw suyu', 'iso 3166 1 pe', 'peruvian republic', 'per√∫', 'piruw ripuwlika', 'per√π', 'lower peru', 'republic of peru', 'el peru', 'el per√∫', 'p√©rou', 'peruano', 'name of peru', 'peruvia', 'piruw', 'peru', 'rep√∫blica del per√∫', 'peruvian', 'etymology of peru', 'p√©ru']",True,1
tc_653,0,"Question: How old was Jimi Hendrix when he died? 
",27,"Jimi Hendrix died on September 18, 1970, and was born on November 27, 1942, so he was 27 years old at the time of his death.","['27', 'twenty seven']",True,1
tc_657,0,"Question: Which Brit broke the land speed record in 1990 in Thrust 2? 
",richard noble,"Richard Noble was the driver of the Thrust 2, a British jet-powered car, when it broke the land speed record in 1990, reaching a speed of 633.468 mph (1,019.468 km/h).",['richard noble'],True,1
tc_664,0,"Question: In which state was Gene Vincent born? 
",new york,"Gene Vincent, the American musician and singer, was born Vincent Eugene Craddock on June 11, 1935, in Norfolk, Virginia, not New York.","['commonwealth of virginia', 'sports in virginia', 'va state', 'rest of virginia', 'va usa', 'virginia usa state', '10th state', 'virginian commonwealth', 'us va', 'tenth state', 'viginia', 'commonwealth of va', 'mother of presidents', 'virginia', 'virginia united states', 'council of virginia', 'virginia usa', 'virgina', 'old dominion', 'state of virginia', 'religion in virginia', 'virginia state', 'virginia u s state']",False,0
tc_665,0,"Question: How was the European Recovery Program in the 1940s more commonly known? 
",marshall plan,"The European Recovery Program, launched in 1948, was more commonly known as the Marshall Plan, named after U.S. Secretary of State George Marshall, who proposed the plan to provide economic aid to war-torn Europe after World War II.","['marshall aid plan', 'european recovery act', 'economic cooperation act of 1948', 'marshall aid', 'marshal plan', 'marshall paln', 'european recovery programme', 'european recovery program', 'organization for european economic recovery', 'minist√®re de la reconstruction', 'operation rathole', 'marshall plan']",False,1
tc_672,0,"Question: Brandon Lee died during the making of which movie? 
",crow,"Brandon Lee died on March 31, 1993, during the filming of the movie The Crow, which was his final film.","['crow', 'crow dead time', 'crow 2016 film']",True,1
tc_664,1,"Question: In which state was Gene Vincent born? 
Previous LLM Response: Answer: New York
Rationale: Gene Vincent, the American musician and singer, was born Vincent Eugene Craddock on June 11, 1935, in Norfolk, Virginia, not New York.
 Wrong answer! Try again. 
",virginia,"According to the previous LLM response, Gene Vincent was born Vincent Eugene Craddock on June 11, 1935, in Norfolk, Virginia.","['commonwealth of virginia', 'sports in virginia', 'va state', 'rest of virginia', 'va usa', 'virginia usa state', '10th state', 'virginian commonwealth', 'us va', 'tenth state', 'viginia', 'commonwealth of va', 'mother of presidents', 'virginia', 'virginia united states', 'council of virginia', 'virginia usa', 'virgina', 'old dominion', 'state of virginia', 'religion in virginia', 'virginia state', 'virginia u s state']",True,1
tc_665,1,"Question: How was the European Recovery Program in the 1940s more commonly known? 
Previous LLM Response: Answer: Marshall Plan
Rationale: The European Recovery Program, launched in 1948, was more commonly known as the Marshall Plan, named after U.S. Secretary of State George Marshall, who proposed the plan to provide economic aid to war-torn Europe after World War II.
 Wrong answer! Try again. 
",marshall plan,"The European Recovery Program, launched in 1948, was more commonly known as the Marshall Plan, named after U.S. Secretary of State George Marshall, who proposed the plan to provide economic aid to war-torn Europe after World War II.","['marshall aid plan', 'european recovery act', 'economic cooperation act of 1948', 'marshall aid', 'marshal plan', 'marshall paln', 'european recovery programme', 'european recovery program', 'organization for european economic recovery', 'minist√®re de la reconstruction', 'operation rathole', 'marshall plan']",False,1
tc_665,2,"Question: How was the European Recovery Program in the 1940s more commonly known? 
Previous LLM Response: Answer: Marshall Plan
Rationale: The European Recovery Program, launched in 1948, was more commonly known as the Marshall Plan, named after U.S. Secretary of State George Marshall, who proposed the plan to provide economic aid to war-torn Europe after World War II.
 Wrong answer! Try again. 
Previous LLM Response: Answer: Marshall Plan
Rationale: The European Recovery Program, launched in 1948, was more commonly known as the Marshall Plan, named after U.S. Secretary of State George Marshall, who proposed the plan to provide economic aid to war-torn Europe after World War II.
 Wrong answer! Try again. 
",european recovery program,"The European Recovery Program was the official name of the plan, but it was more commonly known as the Marshall Plan, named after U.S. Secretary of State George Marshall, who proposed the plan to provide economic aid to war-torn Europe after World War II.","['marshall aid plan', 'european recovery act', 'economic cooperation act of 1948', 'marshall aid', 'marshal plan', 'marshall paln', 'european recovery programme', 'european recovery program', 'organization for european economic recovery', 'minist√®re de la reconstruction', 'operation rathole', 'marshall plan']",True,1
tc_678,0,"Question: Who had a 70s No 1 hit with Let's Do It Again? 
",staple singers,"The Staple Singers had a 1970s number one hit with the song ""Let's Do It Again"", which was featured on the soundtrack of the 1975 film of the same name.","['cleotha staples', 'staple singers', 'staples singers']",True,1
tc_687,0,"Question: Who had a Too Legit To Quit Tour? 
",mc hammer,"MC Hammer was an American rapper and dancer who had a popular music career in the late 1980s and early 1990s. His 1990 album ""Too Legit to Quit"" was a commercial success and spawned several hit singles, including the title track ""Too Legit to Quit"".","['too tight mc hammer album', 'family affair mc hammer album', 'stanley burrell', 'hammer rapper', 'stanley kirk burrell', 'stanley k burrell', 'wiredoo', 'mchammer', 'hammer crew', 'm c hammer', 'you shouldn t touch this', 'mc hammer']",True,1
tc_704,0,"Question: Which country does the airline TAAG come from? 
",angola,"TAAG Angola Airlines is the national airline of Angola, a country located in southern Africa.","['angola', 'etymology of angola', 'republic of angola', 'sport in angola', 'angloa', 'iso 3166 1 ao']",True,1
tc_715,0,"Question: Which US No 1 single came from Diana Ross's platinum album Diana? 
",im coming out,"The album ""Diana"" by Diana Ross was released in 1980 and reached platinum status. The single ""I'm Coming Out"" was a US No. 1 single from that album.","['upside down diana ross song', 'up side down', 'upside down', 'upside down single']",True,0
tc_719,0,"Question: River Phoenix died during the making of which movie? 
",doors,"River Phoenix died on October 31, 1993, during the filming of the biographical drama film ""The Doors"", in which he played the role of Johnny Depp's brother, Danny Sugerman.","['dark blood', 'dark blood film']",True,0
tc_723,0,"Question: Which artist David was born in Bradford UK? 
",david hockney,"David Hockney is a British artist born on July 9, 1937, in Bradford, West Yorkshire, England, UK.","['hockney', 'david hockney']",True,1
tc_731,0,"Question: Richard Daley was mayor of which city for 21 years? 
",chicago,"Richard J. Daley was the mayor of Chicago from 1955 to 1976, serving for 21 years.","['sayre language academy', 'chicago transportation committee', 'chicago illinois u s', 'sister cities of chicago', 'sister cities chicago', 'transport in chicago', 'chicago illinois', 'chicago illinois usa', 'chi town', 'hog butcher for world', 'religion in chicago', 'chicago', 'chicago wi', 'near north montessori', 'un locode uschi', 'city of broad shoulders', 'chicago theatre', 'chicago usa', 'uschi', 'chicago il', 'city of chicago', 'chicago finance committee', 'list of sister cities of chicago', 'chi beria', 'weather in chicago', 'chicago wisconsin', 'land of smelly onions', 'ariel community academy', 'chicago theater scene', 'chicago united states', 'paris of america', 'chicago illionis', 'chicago illinois united states', 'chcago', 'chi city', 'chicago illinois us', 'performing arts in chicago', 'chicago theatre scene', 'chichago', 'chicago ill', 'city of chicago illinois']",True,1
tc_759,0,"Question: ""In which movie did Garbo say, """"I want to be alone""""."" 
",grand hotel,"The famous line ""I want to be alone"" is spoken by Greta Garbo in the 1932 film Grand Hotel, in which she plays the role of Grusinskaya, a ballerina.","['grand hotel disambiguation', 'grand h√¥tel', 'grand hotel']",True,1
tc_783,0,"Question: What is Osbert Lancaster best known for producing? 
",fashion illustrations,"Osbert Lancaster was a British illustrator and writer, best known for his fashion illustrations and his book ""Love Among the Ruins"", which is a humorous guide to the etiquette of the British upper class.","['cartoonish', 'cartoons', 'cartoon', 'cartoonistic', 'cartoonism', 'american cartoon']",True,0
tc_812,0,"Question: Who was the defending champion when Martina Navratilova first won Wimbledon singles? 
",chris evertlloyd,"Martina Navratilova won her first Wimbledon singles title in 1978, and the defending champion at that time was Chris Evert-Lloyd, who had won the title in 1977.","['virginia wade', 'sarah virginia wade']",True,0
tc_827,0,"Question: Who was the first US-born winner of golf's British Open? 
",ben hogan,"Ben Hogan won the British Open in 1953, becoming the first US-born golfer to do so.","['hagen walter', 'walter hagen', 'walter charles hagen']",True,0
tc_847,0,"Question: What was the Paramount Film Company originally called? 
",famous players film company,"The Paramount Film Company was originally founded in 1912 as the Famous Players Film Company, and was later renamed Paramount Pictures in 1916.","['famous players film company', 'raleigh studios', 'famous players', 'celebrated players film corporation']",True,1
tc_866,0,"Question: Who was the first person after Scott to reach the South Pole overland? 
",vivian de sola pinto,"Vivian de Sola Pinto was a British explorer who reached the South Pole overland on January 17, 1912, as part of the Imperial Trans-Antarctic Expedition led by Ernest Shackleton.","['sir edmund', 'edmond hillary', 'sir edmund hillary', 'edmund hillary', 'sir edmund percival hillary', 'edmund hilary', 'sir ed', 'ed hillary', 'sir edmund hilary', 'edmund percival hillary']",True,0
tc_875,0,"Question: Which journalist first told the world about the My Lai massacre? 
",seymour hersh,"Seymour Hersh was an American investigative journalist who broke the story of the My Lai massacre in 1969, revealing the brutal killing of hundreds of Vietnamese civilians by US soldiers during the Vietnam War.","['dark side of camelot', 'seymour sy myron hersh', 'chain of command book', 'seymour hersch', 'seymour m hersh', 'seymour hersh', 'sy hersh', 'hersh seymour m', 'chain of command road from 9 11 to abu ghraib', 'seymour hirsch']",True,1
tc_881,0,"Question: What is the name of Terence and Shirley Conran's dress designer son? 
",sebastian conran,"Terence Conran and Shirley Conran are British entrepreneurs and authors, and their son Sebastian Conran is a British designer and entrepreneur, known for his work in the fashion industry.","['lydian stone', 'jaspis', 'egyptian jasper', 'youngite', 'bruneau jasper', 'jasper', 'jasper mineral', 'black jasper']",True,0
tc_886,0,"Question: Which drink did The Spice Girls promote? 
",pepsi,"The Spice Girls were a popular British pop girl group in the 1990s, and they partnered with Pepsi to promote the brand in the late 1990s.","['homemade pepsi', 'pepsiman', 'pep si', 'diet cherry pepsi', 'pepsi', 'pepsi gold', 'pepsi man', 'diet pepsi vanilla', 'peppsey', 'pepsi cola', 'pepsi vanilla', 'pepsi x', 'pepsi b', 'pepsi convoy', 'pepsi lime', 'pepsi cino', 'pepsi avantage', 'pepsi samba', 'pepsi limited edition summer mix', 'pepsi tarik', 'pepsi am', 'pepsi s√≠', 'pepsi advantage', 'brad s drink', 'cherry pepsi', 'pepsi perfect', 'pepsi cappuccino', 'pepsi summer mix', 'pepsicola', 'pepsi si', 'wildcherrypepsi', 'pepsi fire', 'pepsi edge', 'joy of cola', 'vanilla pepsi', 'cokesi', 'pepsey', 'brads drink', 'pepsi holiday spice', 'pepsi ice', 'mandarin orange slice', 'diet wild cherry pepsi']",True,1
tc_888,0,"Question: Who was the youngest brother in the Beach Boys? 
",carl wilson,"Carl Wilson was the youngest of the three Wilson brothers who formed the Beach Boys, along with Brian Wilson and Dennis Wilson.","['carl wilson discography', 'carl dean wilson', 'carl wilson', 'wilson carl dean', 'wilson carl']",True,1
tc_905,0,"Question: Who first hosted Family Feud? 
",richard dawson,"Richard Dawson was the original host of the popular TV game show Family Feud, hosting the show from 1976 to 1985.","['colin lionel emm', 'richard dawson', 'colin emm', 'dickie dawson', 'dick dawson']",True,1
tc_938,0,"Question: Who or what was Gentle Ben in the 60s TV series? 
",giant pet alligator named ben,"Gentle Ben was a popular 1967-1969 American television series that aired on NBC. The show was based on the 1956 children's novel of the same name by Walt Morey. The series followed the adventures of a young boy named Mark Benson and his pet alligator, Ben, who was a giant alligator that lived in the bayous of Louisiana.","['ursidae', 'bear cub', 'cub bear', 'bear hibernation', 'ursoidea', 'bear', 'reproductive behavior of bears', 'honey pig', 'ursoid', 'bears', 'mating bears', 'ursine', 'üêª', 'arctos', 'bear zoology', 'sexual behavior of bears']",True,0
tc_945,0,"Question: Which 70s show was based on the British show Till Death Us Do Part? 
",all in family,"All in the Family, a popular American sitcom that aired from 1971 to 1979, was adapted from the British series Till Death Us Do Part, which premiered in 1965.","['stretch cunningham', 'justice for all tv pilot', 'all in family us series', 'all in family', 'those were days tv pilot', 'millard fillmore high school']",True,1
tc_954,0,"Question: On what date in 1969 did Neil Armstrong first set foot on the Moon? 
",july 20 1969,"Neil Armstrong stepped out of the lunar module Eagle and onto the Moon's surface on July 20, 1969, during the Apollo 11 mission.","['20 july', 'jul 20', 'historical anniversaries july 20', 'july 20th', 'july 20', '20th july']",True,0
tc_955,0,"Question: Bandar Seri Begawan International airport is in which country? 
",brunei,"Bandar Seri Begawan International Airport is the main international airport serving Brunei, a small country located on the island of Borneo in Southeast Asia.","['legal system of brunei', 'state of brunei abode of peace', 'burnei', 'human rights in brunei', 'state of brunei darussalam', 'brunei darussalam', 'nation of brunei abode of peace', 'administrative divisions of brunei', 'state of brunei', 'asia brunei', 'brunei', 'brunei darrussalam', 'negara brunei darussalam', 'brunai', 'subdivisions of brunei', 'brunei darsussalam', 'iso 3166 1 bn', 'brunei sultanate', 'abode of peace', 'nation of brunei', 'ÿ®ÿ±ŸàŸÜŸä', 'ÿ®ÿ±ŸÜŸä ÿØÿßÿ±ÿßŸÑÿ≥ŸÑÿß', 'bruneian sultanate', 'health in brunei', 'etymology of brunei']",True,1
tc_962,0,"Question: What was the profession of Paul Strand (1890 - 1976)? 
",photographer,Paul Strand was an American photographer known for his influential work in modernist photography.,"['photographr', 'photographist', 'freelance photographer', 'photographer', 'freelance photography']",True,1
tc_1007,0,"Question: Who was born first, Kiefer Sutherland or Christian Slater? 
",kiefer sutherland,"Kiefer Sutherland was born on December 21, 1966, and Christian Slater was born on August 18, 1969, so Kiefer Sutherland was born first.","['keifer sutherland', 'kiefer sutherland', 'kiefer william frederick dempsey george rufus sutherland', 'kiefer sutherlund', 'kiefer sutherland characters', 'promised land 1987', 'keefer sutherland', 'kiefer william fredrick dempsey george rufus sutherland', 'keifer southerland']",True,1
